participant-id,multiple-choice,choice,choice-time,continued,continued-time,satisfaction,satisfaction-time2,14.096985340118408,4.943665981292725,Imagery Condition,yes,3,4.8432111740112305,0612test03
1,4.885918617248535,4.7196173667907715,Control Condition,no,2,4.843918323516846,0612test03
1,4.758413791656494,4.896388530731201,Descriptive Condition,yes,7,4.92148494720459,0612test03
3,4.74175763130188,4.826846599578857,Comparative Condition,no,4,4.8486833572387695,0612test03
