participant-id,simple-choice,continued,continued-time,satisfaction,satisfaction-time
4.781030893325806,Control Condition,no,0612test03,6,4.881760835647583
14.20654034614563,Comparative Condition,no,0612test03,5,4.82205605506897
24.184650421142578,Descriptive Condition,no,0612test03,1,4.831511974334717
4.680383205413818,no,4.752328634262085,Imagery Condition,0612test03,4
